keyword,cluster,intent,primary_url,notes
稳定机场推荐,Core,Commercial,/posts/jichang-tuijian/,Main core keyword
梯子稳定推荐,Core,Commercial,/posts/jichang-tuijian/,Main core keyword
机场稳定网,Core,Commercial,/posts/jichang-tuijian/,Main core keyword
晚高峰不卡顿机场,Core,Commercial,/posts/jichang-tuijian/,Main core keyword
稳定翻墙梯子,Secondary,Info,/posts/jiaocheng/,Supporting keyword
魔法上网稳定节点,Secondary,Info,/posts/jiaocheng/,Supporting keyword
Clash教程,Secondary,Info,/posts/jiaocheng/,Supporting keyword
小火箭配置教程,Secondary,Info,/posts/jiaocheng/,Supporting keyword
IPLC专线机场,Secondary,Info,/posts/jiaocheng/,Supporting keyword
晚高峰看4K不卡顿的稳定机场推荐,LongTail,Transactional,/posts/pingce/,High conversion longtail keyword
2026年适合长期使用的稳定梯子盘点,LongTail,Transactional,/posts/pingce/,High conversion longtail keyword
iPhone小白一键配置稳定魔法上网教程,LongTail,Transactional,/posts/pingce/,High conversion longtail keyword
Clash Verge稳定订阅节点导入指南,LongTail,Transactional,/posts/pingce/,High conversion longtail keyword
